,Открыт_дата,День недели,Месяц,Год,Неделя,ЗП,Время года,"Сумма по чеку, руб.",День,Средняя Температура,Снег,Дождь,Праздник_вых,Праздник_раб,Праздники,Предпраздничный,Выходной
0,2022-09-01,3,9,2022,1,0,3,96630.0,1,11.4,0,0,False,1,1,0.0,0
1,2022-09-02,4,9,2022,1,0,3,108024.5,2,10.5,0,1,False,0,0,0.0,0
2,2022-09-03,5,9,2022,1,0,3,122352.0,3,12.5,0,0,False,0,0,0.0,1
3,2022-09-04,6,9,2022,1,0,3,119441.7,4,12.2,0,0,False,0,0,0.0,1
4,2022-09-05,0,9,2022,1,0,3,87863.5,5,10.3,0,0,False,0,0,0.0,0
5,2022-09-06,1,9,2022,1,0,3,104438.5,6,9.7,0,1,False,0,0,0.0,0
6,2022-09-07,2,9,2022,1,0,3,117891.75,7,9.5,0,1,False,0,0,0.0,0
7,2022-09-08,3,9,2022,2,0,3,91541.0,8,9.2,0,1,False,0,0,0.0,0
8,2022-09-09,4,9,2022,2,0,3,124681.88,9,10.2,0,0,False,0,0,0.0,0
9,2022-09-10,5,9,2022,2,0,3,130622.0,10,12.1,0,0,False,0,0,0.0,1
10,2022-09-11,6,9,2022,2,0,3,118543.0,11,13.0,0,0,False,0,0,0.0,1
11,2022-09-12,0,9,2022,2,0,3,88454.0,12,12.0,0,1,False,0,0,0.0,0
12,2022-09-13,1,9,2022,2,0,3,92371.0,13,12.4,0,1,False,0,0,0.0,0
13,2022-09-14,2,9,2022,2,0,3,96712.5,14,12.5,0,1,False,0,0,0.0,0
14,2022-09-15,3,9,2022,3,1,3,87886.03,15,12.2,0,1,False,0,0,0.0,0
15,2022-09-16,4,9,2022,3,1,3,94721.5,16,13.6,0,1,False,0,0,0.0,0
16,2022-09-17,5,9,2022,3,1,3,115480.0,17,13.4,0,1,False,0,0,0.0,1
17,2022-09-18,6,9,2022,3,1,3,102071.0,18,12.6,0,1,False,0,0,0.0,1
18,2022-09-19,0,9,2022,3,1,3,74530.5,19,11.6,0,1,False,0,0,0.0,0
19,2022-09-20,1,9,2022,3,1,3,106050.5,20,12.6,0,1,False,0,0,0.0,0
20,2022-09-21,2,9,2022,3,1,3,91845.0,21,12.0,0,1,False,0,0,0.0,0
21,2022-09-22,3,9,2022,4,0,3,96050.0,22,11.7,0,1,False,0,0,0.0,0
22,2022-09-23,4,9,2022,4,0,3,101641.0,23,12.0,0,0,False,0,0,0.0,0
23,2022-09-24,5,9,2022,4,0,3,95566.0,24,8.8,0,1,False,0,0,0.0,1
24,2022-09-25,6,9,2022,4,0,3,104163.5,25,7.8,0,1,False,0,0,0.0,1
25,2022-09-26,0,9,2022,4,0,3,85256.0,26,8.6,0,1,False,0,0,0.0,0
26,2022-09-27,1,9,2022,4,0,3,97216.0,27,9.9,0,0,False,0,0,0.0,0
27,2022-09-28,2,9,2022,4,0,3,89206.0,28,9.4,0,1,False,0,0,0.0,0
28,2022-09-29,3,9,2022,5,1,3,99204.0,29,11.5,0,0,False,0,0,0.0,0
29,2022-09-30,4,9,2022,5,1,3,88680.0,30,13.7,0,0,False,0,0,0.0,0
30,2022-10-01,5,10,2022,1,0,3,116467.0,1,14.4,0,1,False,0,0,0.0,1
31,2022-10-02,6,10,2022,1,0,3,118580.0,2,11.7,0,1,False,0,0,0.0,1
32,2022-10-03,0,10,2022,1,0,3,85145.0,3,13.2,0,1,False,0,0,0.0,0
33,2022-10-04,1,10,2022,1,0,3,106010.0,4,10.6,0,1,False,0,0,1.0,0
34,2022-10-05,2,10,2022,1,0,3,96523.25,5,8.3,0,1,False,1,1,0.0,0
35,2022-10-06,3,10,2022,1,0,3,102762.0,6,11.0,0,0,False,0,0,0.0,0
36,2022-10-07,4,10,2022,1,0,3,88122.0,7,12.1,0,0,False,0,0,0.0,0
37,2022-10-08,5,10,2022,2,0,3,97470.0,8,12.8,0,0,False,0,0,0.0,1
38,2022-10-09,6,10,2022,2,0,3,98800.0,9,12.5,0,1,False,0,0,0.0,1
39,2022-10-10,0,10,2022,2,0,3,93704.5,10,9.9,0,0,False,0,0,0.0,0
40,2022-10-11,1,10,2022,2,0,3,88205.5,11,8.3,0,0,False,0,0,0.0,0
41,2022-10-12,2,10,2022,2,0,3,88274.0,12,8.3,0,0,False,0,0,0.0,0
42,2022-10-13,3,10,2022,2,0,3,89314.25,13,7.2,0,0,False,0,0,0.0,0
43,2022-10-14,4,10,2022,2,0,3,111471.0,14,7.1,0,0,False,0,0,0.0,0
44,2022-10-15,5,10,2022,3,1,3,135021.0,15,8.3,0,0,False,0,0,0.0,1
45,2022-10-16,6,10,2022,3,1,3,115995.0,16,8.7,0,0,False,0,0,0.0,1
46,2022-10-17,0,10,2022,3,1,3,92241.0,17,8.0,0,1,False,0,0,0.0,0
47,2022-10-18,1,10,2022,3,1,3,80466.0,18,9.9,0,1,False,0,0,0.0,0
48,2022-10-19,2,10,2022,3,1,3,92797.0,19,7.9,0,1,False,0,0,0.0,0
49,2022-10-20,3,10,2022,3,1,3,104140.0,20,5.4,0,0,False,0,0,0.0,0
50,2022-10-21,4,10,2022,3,1,3,99331.5,21,4.9,0,0,False,0,0,0.0,0
51,2022-10-22,5,10,2022,4,0,3,123821.0,22,6.5,0,1,False,0,0,0.0,1
52,2022-10-23,6,10,2022,4,0,3,103446.0,23,5.9,0,0,False,0,0,0.0,1
53,2022-10-24,0,10,2022,4,0,3,74862.5,24,5.8,0,0,False,0,0,0.0,0
54,2022-10-25,1,10,2022,4,0,3,91112.0,25,2.8,0,0,False,0,0,0.0,0
55,2022-10-26,2,10,2022,4,0,3,93932.0,26,3.1,0,0,False,0,0,0.0,0
56,2022-10-27,3,10,2022,4,0,3,87574.0,27,4.0,0,0,False,0,0,0.0,0
57,2022-10-28,4,10,2022,4,0,3,96356.5,28,7.6,0,1,False,0,0,0.0,0
58,2022-10-29,5,10,2022,5,1,3,139306.75,29,9.8,0,1,False,0,0,0.0,1
59,2022-10-30,6,10,2022,5,1,3,102075.0,30,5.7,1,1,False,0,0,0.0,1
60,2022-10-31,0,10,2022,5,1,3,82547.0,31,1.8,1,0,False,0,0,0.0,0
61,2022-11-01,1,11,2022,1,0,3,82941.0,1,1.7,0,0,False,0,0,0.0,0
62,2022-11-02,2,11,2022,1,0,3,92669.0,2,1.3,0,0,False,0,0,0.0,0
63,2022-11-03,3,11,2022,1,0,3,98415.0,3,-1.0,0,0,False,0,0,1.0,0
64,2022-11-04,4,11,2022,1,0,3,119807.0,4,0.1,0,0,True,0,1,0.0,0
65,2022-11-05,5,11,2022,1,0,3,110041.0,5,0.5,0,0,False,0,0,0.0,1
66,2022-11-06,6,11,2022,1,0,3,106926.0,6,-0.2,0,0,False,0,0,0.0,1
67,2022-11-07,0,11,2022,1,0,3,90183.0,7,2.6,0,0,False,0,0,0.0,0
68,2022-11-08,1,11,2022,2,0,3,90746.5,8,5.1,0,1,False,0,0,0.0,0
69,2022-11-09,2,11,2022,2,0,3,99992.2,9,9.3,0,1,False,0,0,0.0,0
70,2022-11-10,3,11,2022,2,0,3,88743.0,10,8.9,0,0,False,0,0,0.0,0
71,2022-11-11,4,11,2022,2,0,3,103631.0,11,8.6,0,1,False,0,0,0.0,0
72,2022-11-12,5,11,2022,2,0,3,130446.0,12,10.8,0,1,False,0,0,0.0,1
73,2022-11-13,6,11,2022,2,0,3,127246.0,13,6.7,0,1,False,0,0,0.0,1
74,2022-11-14,0,11,2022,2,0,3,85222.25,14,0.8,0,0,False,0,0,0.0,0
75,2022-11-15,1,11,2022,3,1,3,97065.0,15,-1.0,1,0,False,0,0,0.0,0
76,2022-11-16,2,11,2022,3,1,3,114271.0,16,-2.4,1,0,False,0,0,0.0,0
77,2022-11-17,3,11,2022,3,1,3,93384.0,17,-3.6,1,0,False,0,0,0.0,0
78,2022-11-18,4,11,2022,3,1,3,100832.5,18,-5.2,1,0,False,0,0,0.0,0
79,2022-11-19,5,11,2022,3,1,3,115651.0,19,-3.3,1,0,False,0,0,0.0,1
80,2022-11-20,6,11,2022,3,1,3,108363.0,20,-2.2,1,0,False,0,0,0.0,1
81,2022-11-21,0,11,2022,3,1,3,85136.0,21,-3.6,0,0,False,0,0,0.0,0
82,2022-11-22,1,11,2022,4,0,3,82576.0,22,-0.4,1,1,False,0,0,0.0,0
83,2022-11-23,2,11,2022,4,0,3,79251.5,23,0.2,0,1,False,0,0,0.0,0
84,2022-11-24,3,11,2022,4,0,3,87803.0,24,-4.3,1,0,False,0,0,0.0,0
85,2022-11-25,4,11,2022,4,0,3,94610.0,25,-4.7,0,0,False,0,0,0.0,0
86,2022-11-26,5,11,2022,4,0,3,102403.0,26,-5.4,0,0,False,0,0,0.0,1
87,2022-11-27,6,11,2022,4,0,3,109950.0,27,-3.4,0,0,False,0,0,0.0,1
88,2022-11-28,0,11,2022,4,0,3,76164.0,28,-4.0,1,0,False,0,0,0.0,0
89,2022-11-29,1,11,2022,5,1,3,77632.0,29,-6.6,0,0,False,0,0,0.0,0
90,2022-11-30,2,11,2022,5,1,3,82834.0,30,-8.0,0,0,False,0,0,0.0,0
91,2022-12-01,3,12,2022,1,0,0,87472.0,1,-8.7,0,0,False,0,0,0.0,0
92,2022-12-02,4,12,2022,1,0,0,82372.0,2,-8.8,0,0,False,0,0,0.0,0
93,2022-12-03,5,12,2022,1,0,0,100352.5,3,-8.9,1,0,False,0,0,0.0,1
94,2022-12-04,6,12,2022,1,0,0,100706.0,4,-8.9,0,0,False,0,0,0.0,1
95,2022-12-05,0,12,2022,1,0,0,77813.0,5,-9.0,0,0,False,0,0,0.0,0
96,2022-12-06,1,12,2022,1,0,0,68776.0,6,-6.6,0,0,False,0,0,0.0,0
97,2022-12-07,2,12,2022,1,0,0,65802.0,7,-8.5,0,0,False,0,0,0.0,0
98,2022-12-08,3,12,2022,2,0,0,80061.0,8,-6.6,1,0,False,0,0,0.0,0
99,2022-12-09,4,12,2022,2,0,0,88641.0,9,-3.7,0,0,False,0,0,0.0,0
100,2022-12-10,5,12,2022,2,0,0,112159.75,10,-0.9,1,0,False,0,0,0.0,1
101,2022-12-11,6,12,2022,2,0,0,85153.0,11,-0.2,1,1,False,0,0,0.0,1
102,2022-12-12,0,12,2022,2,0,0,65528.0,12,2.7,1,1,False,0,0,0.0,0
103,2022-12-13,1,12,2022,2,0,0,99606.25,13,0.7,1,1,False,0,0,0.0,0
104,2022-12-14,2,12,2022,2,0,0,60486.0,14,-3.8,1,0,False,0,0,0.0,0
105,2022-12-15,3,12,2022,3,1,0,80185.0,15,-4.9,1,0,False,0,0,0.0,0
106,2022-12-16,4,12,2022,3,1,0,88166.0,16,-3.0,1,0,False,0,0,0.0,0
107,2022-12-17,5,12,2022,3,1,0,101291.0,17,-4.1,1,0,False,0,0,0.0,1
108,2022-12-18,6,12,2022,3,1,0,102592.5,18,-5.9,1,0,False,0,0,0.0,1
109,2022-12-19,0,12,2022,3,1,0,64140.75,19,-3.1,1,0,False,0,0,0.0,0
110,2022-12-20,1,12,2022,3,1,0,69427.5,20,-5.7,0,0,False,0,0,0.0,0
111,2022-12-21,2,12,2022,3,1,0,80733.0,21,-3.2,0,0,False,0,0,0.0,0
112,2022-12-22,3,12,2022,4,0,0,58133.0,22,1.6,0,1,False,0,0,0.0,0
113,2022-12-23,4,12,2022,4,0,0,81007.0,23,2.2,0,1,False,0,0,0.0,0
114,2022-12-24,5,12,2022,4,0,0,98123.3,24,2.0,1,1,False,0,0,0.0,1
115,2022-12-25,6,12,2022,4,0,0,90970.0,25,-2.6,0,0,False,0,0,0.0,1
116,2022-12-26,0,12,2022,4,0,0,58045.5,26,-4.0,0,0,False,0,0,0.0,0
117,2022-12-27,1,12,2022,4,0,0,74343.0,27,-3.5,1,0,False,0,0,0.0,0
118,2022-12-28,2,12,2022,4,0,0,80306.0,28,-0.8,1,0,False,0,0,0.0,0
119,2022-12-29,3,12,2022,5,1,0,68834.0,29,-1.5,1,0,False,0,0,0.0,0
120,2022-12-30,4,12,2022,5,1,0,84050.0,30,0.9,1,1,False,0,0,0.0,0
121,2022-12-31,5,12,2022,5,1,0,42497.5,31,1.6,1,1,False,0,0,1.0,1
122,2023-01-02,0,1,2023,1,0,0,76652.5,2,0.3,0,1,True,0,1,0.0,0
123,2023-01-03,1,1,2023,1,0,0,42310.0,3,1.0,1,0,True,0,1,0.0,0
124,2023-01-04,2,1,2023,1,0,0,75713.0,4,-2.4,1,1,True,0,1,0.0,0
125,2023-01-05,3,1,2023,1,0,0,94717.5,5,-7.2,1,0,True,0,1,0.0,0
126,2023-01-06,4,1,2023,1,0,0,58110.0,6,-20.1,1,0,True,0,1,0.0,0
127,2023-01-07,5,1,2023,1,0,0,62726.0,7,-19.3,0,0,True,0,1,0.0,1
128,2023-01-08,6,1,2023,2,0,0,61780.0,8,-14.3,0,0,True,0,1,0.0,1
129,2023-01-09,0,1,2023,2,0,0,47685.0,9,-17.6,1,0,False,0,0,0.0,0
130,2023-01-10,1,1,2023,2,0,0,55134.0,10,-13.0,1,0,False,0,0,0.0,0
131,2023-01-11,2,1,2023,2,0,0,62235.0,11,-9.5,1,0,False,0,0,0.0,0
132,2023-01-12,3,1,2023,2,0,0,66751.0,12,-7.2,0,0,False,0,0,0.0,0
133,2023-01-13,4,1,2023,2,0,0,70574.0,13,-4.5,0,0,False,0,0,0.0,0
134,2023-01-14,5,1,2023,2,0,0,72912.0,14,-2.1,1,1,False,0,0,0.0,1
135,2023-01-15,6,1,2023,3,1,0,67884.75,15,-1.7,1,0,False,0,0,0.0,1
136,2023-01-16,0,1,2023,3,1,0,73348.0,16,-3.1,0,0,False,0,0,0.0,0
137,2023-01-17,1,1,2023,3,1,0,67365.0,17,0.0,1,0,False,0,0,0.0,0
138,2023-01-18,2,1,2023,3,1,0,56599.0,18,0.7,1,1,False,0,0,0.0,0
139,2023-01-19,3,1,2023,3,1,0,70161.0,19,1.7,1,1,False,0,0,0.0,0
140,2023-01-20,4,1,2023,3,1,0,91664.0,20,3.4,0,0,False,0,0,0.0,0
141,2023-01-21,5,1,2023,3,1,0,110880.0,21,-2.0,0,0,False,0,0,0.0,1
142,2023-01-22,6,1,2023,4,0,0,109086.0,22,-2.7,1,0,False,0,0,0.0,1
143,2023-01-23,0,1,2023,4,0,0,74855.5,23,-2.4,1,0,False,0,0,0.0,0
144,2023-01-24,1,1,2023,4,0,0,60290.0,24,-0.7,0,0,False,0,0,1.0,0
145,2023-01-25,2,1,2023,4,0,0,67547.5,25,-1.0,0,0,False,1,1,0.0,0
146,2023-01-26,3,1,2023,4,0,0,75238.0,26,-1.5,0,0,False,0,0,0.0,0
147,2023-01-27,4,1,2023,4,0,0,78841.0,27,-1.8,1,0,False,0,0,0.0,0
148,2023-01-28,5,1,2023,4,0,0,98162.0,28,-2.2,0,0,False,0,0,0.0,1
149,2023-01-29,6,1,2023,5,1,0,87927.0,29,-1.8,0,0,False,0,0,0.0,1
150,2023-01-30,0,1,2023,5,1,0,71811.0,30,-0.9,0,0,False,0,0,0.0,0
151,2023-01-31,1,1,2023,5,1,0,65922.0,31,0.5,0,0,False,0,0,0.0,0
152,2023-02-01,2,2,2023,1,0,0,93031.0,1,0.7,1,1,False,0,0,0.0,0
153,2023-02-02,3,2,2023,1,0,0,72282.0,2,-0.3,1,0,False,0,0,0.0,0
154,2023-02-03,4,2,2023,1,0,0,92705.0,3,0.7,1,1,False,0,0,0.0,0
155,2023-02-04,5,2,2023,1,0,0,116480.0,4,0.4,1,0,False,0,0,0.0,1
156,2023-02-05,6,2,2023,1,0,0,98460.0,5,-1.6,1,0,False,0,0,0.0,1
157,2023-02-06,0,2,2023,1,0,0,69445.0,6,-4.4,0,0,False,0,0,0.0,0
158,2023-02-07,1,2,2023,1,0,0,76500.0,7,-4.8,0,0,False,0,0,0.0,0
159,2023-02-08,2,2,2023,2,0,0,78955.0,8,-3.2,0,0,False,0,0,0.0,0
160,2023-02-09,3,2,2023,2,0,0,72823.75,9,-0.7,0,0,False,0,0,0.0,0
161,2023-02-10,4,2,2023,2,0,0,73484.0,10,-1.0,0,0,False,0,0,0.0,0
162,2023-02-11,5,2,2023,2,0,0,97483.0,11,-1.5,1,0,False,0,0,0.0,1
163,2023-02-12,6,2,2023,2,0,0,94095.0,12,-3.6,1,0,False,0,0,0.0,1
164,2023-02-13,0,2,2023,2,0,0,60220.5,13,-1.1,1,0,False,0,0,1.0,0
165,2023-02-14,1,2,2023,2,0,0,78004.5,14,0.8,1,1,False,1,1,0.0,0
166,2023-02-15,2,2,2023,3,1,0,70918.0,15,-2.5,0,0,False,0,0,0.0,0
167,2023-02-16,3,2,2023,3,1,0,69156.0,16,-4.6,1,0,False,0,0,0.0,0
168,2023-02-17,4,2,2023,3,1,0,88864.0,17,-5.0,0,0,False,0,0,0.0,0
169,2023-02-18,5,2,2023,3,1,0,80130.0,18,-6.1,0,0,False,0,0,0.0,1
170,2023-02-19,6,2,2023,3,1,0,102345.5,19,-6.3,1,0,False,0,0,0.0,1
171,2023-02-20,0,2,2023,3,1,0,68066.0,20,-7.0,1,0,False,0,0,0.0,0
172,2023-02-21,1,2,2023,3,1,0,69701.0,21,-11.8,1,0,False,0,0,0.0,0
173,2023-02-22,2,2,2023,4,0,0,72225.0,22,-12.4,0,0,False,0,0,1.0,0
174,2023-02-23,3,2,2023,4,0,0,69180.0,23,-9.4,0,0,True,0,1,0.0,0
175,2023-02-24,4,2,2023,4,0,0,61421.75,24,-4.7,1,0,False,0,0,0.0,0
176,2023-02-25,5,2,2023,4,0,0,71855.0,25,1.2,1,0,False,0,0,0.0,1
177,2023-02-26,6,2,2023,4,0,0,79500.0,26,0.8,1,1,False,0,0,0.0,1
178,2023-02-27,0,2,2023,4,0,0,60570.0,27,-3.0,1,0,False,0,0,0.0,0
179,2023-02-28,1,2,2023,4,0,0,61512.0,28,-3.3,1,0,False,0,0,0.0,0
180,2023-03-01,2,3,2023,1,0,1,81910.0,1,-3.5,0,0,False,0,0,0.0,0
181,2023-03-02,3,3,2023,1,0,1,83610.0,2,-2.0,1,0,False,0,0,0.0,0
182,2023-03-03,4,3,2023,1,0,1,67660.0,3,0.7,1,1,False,0,0,0.0,0
183,2023-03-04,5,3,2023,1,0,1,112428.0,4,-0.3,1,0,False,0,0,0.0,1
184,2023-03-05,6,3,2023,1,0,1,106765.75,5,-1.4,1,0,False,0,0,0.0,1
185,2023-03-06,0,3,2023,1,0,1,82350.0,6,-1.6,1,1,False,0,0,0.0,0
186,2023-03-07,1,3,2023,1,0,1,81195.0,7,-1.8,1,0,False,0,0,1.0,0
187,2023-03-08,2,3,2023,2,0,1,135730.0,8,-2.2,1,0,True,0,1,0.0,0
188,2023-03-09,3,3,2023,2,0,1,75562.5,9,-1.6,1,0,False,0,0,0.0,0
189,2023-03-10,4,3,2023,2,0,1,90614.5,10,-4.2,0,0,False,0,0,0.0,0
190,2023-03-11,5,3,2023,2,0,1,109800.0,11,-3.3,1,1,False,0,0,0.0,1
191,2023-03-12,6,3,2023,2,0,1,96820.0,12,1.3,1,1,False,0,0,0.0,1
192,2023-03-13,0,3,2023,2,0,1,73190.0,13,-2.1,1,1,False,0,0,0.0,0
193,2023-03-14,1,3,2023,2,0,1,77410.0,14,3.7,1,1,False,0,0,0.0,0
194,2023-03-15,2,3,2023,3,1,1,85361.0,15,5.9,0,1,False,0,0,0.0,0
195,2023-03-16,3,3,2023,3,1,1,80890.0,16,2.7,0,1,False,0,0,0.0,0
196,2023-03-17,4,3,2023,3,1,1,86250.0,17,2.9,0,1,False,0,0,0.0,0
197,2023-03-18,5,3,2023,3,1,1,123460.0,18,1.7,0,0,False,0,0,0.0,1
198,2023-03-19,6,3,2023,3,1,1,108616.0,19,1.1,0,0,False,0,0,0.0,1
199,2023-03-20,0,3,2023,3,1,1,77820.0,20,4.5,0,0,False,0,0,0.0,0
200,2023-03-21,1,3,2023,3,1,1,59953.0,21,6.4,0,1,False,0,0,0.0,0
201,2023-03-22,2,3,2023,4,0,1,67570.0,22,5.4,0,1,False,0,0,0.0,0
202,2023-03-23,3,3,2023,4,0,1,85450.5,23,9.5,0,0,False,0,0,0.0,0
203,2023-03-24,4,3,2023,4,0,1,77880.0,24,8.4,0,1,False,0,0,0.0,0
204,2023-03-25,5,3,2023,4,0,1,115554.0,25,8.8,0,1,False,0,0,0.0,1
205,2023-03-26,6,3,2023,4,0,1,91594.0,26,7.3,0,1,False,0,0,0.0,1
206,2023-03-27,0,3,2023,4,0,1,67913.0,27,6.7,0,1,False,0,0,0.0,0
207,2023-03-28,1,3,2023,4,0,1,90805.0,28,7.3,0,1,False,0,0,0.0,0
208,2023-03-29,2,3,2023,5,1,1,83018.75,29,7.2,0,1,False,0,0,0.0,0
209,2023-03-30,3,3,2023,5,1,1,74762.0,30,3.9,0,1,False,0,0,0.0,0
210,2023-03-31,4,3,2023,5,1,1,93896.0,31,1.4,1,1,False,0,0,0.0,0
211,2023-04-01,5,4,2023,1,0,1,124236.0,1,5.8,1,1,False,0,0,0.0,1
212,2023-04-02,6,4,2023,1,0,1,112926.0,2,8.9,0,1,False,0,0,0.0,1
213,2023-04-03,0,4,2023,1,0,1,67260.0,3,10.7,0,1,False,0,0,0.0,0
214,2023-04-04,1,4,2023,1,0,1,85374.0,4,11.2,0,1,False,0,0,0.0,0
215,2023-04-05,2,4,2023,1,0,1,102734.0,5,9.1,0,0,False,0,0,0.0,0
216,2023-04-06,3,4,2023,1,0,1,74600.0,6,9.6,0,0,False,0,0,0.0,0
217,2023-04-07,4,4,2023,1,0,1,111070.0,7,7.8,0,0,False,0,0,0.0,0
218,2023-04-08,5,4,2023,2,0,1,127972.0,8,9.6,0,0,False,0,0,0.0,1
219,2023-04-09,6,4,2023,2,0,1,108002.5,9,10.9,0,0,False,0,0,0.0,1
220,2023-04-10,0,4,2023,2,0,1,79270.0,10,11.6,0,0,False,0,0,0.0,0
221,2023-04-11,1,4,2023,2,0,1,78946.0,11,12.8,0,1,False,0,0,0.0,0
222,2023-04-12,2,4,2023,2,0,1,85220.0,12,14.2,0,0,False,0,0,0.0,0
223,2023-04-13,3,4,2023,2,0,1,94913.0,13,13.1,0,0,False,0,0,0.0,0
224,2023-04-14,4,4,2023,2,0,1,93170.0,14,5.5,0,0,False,0,0,0.0,0
225,2023-04-15,5,4,2023,3,1,1,98680.0,15,5.8,0,0,False,0,0,1.0,1
226,2023-04-16,6,4,2023,3,1,1,94060.0,16,9.8,0,0,False,1,1,0.0,1
227,2023-04-17,0,4,2023,3,1,1,72740.0,17,13.3,0,0,False,0,0,0.0,0
228,2023-04-18,1,4,2023,3,1,1,84320.0,18,12.7,0,0,False,0,0,0.0,0
229,2023-04-19,2,4,2023,3,1,1,73548.0,19,13.9,0,0,False,0,0,0.0,0
230,2023-04-20,3,4,2023,3,1,1,85132.5,20,14.0,0,0,False,0,0,0.0,0
231,2023-04-21,4,4,2023,3,1,1,112319.5,21,13.4,0,0,False,0,0,0.0,0
232,2023-04-22,5,4,2023,4,0,1,109935.0,22,13.2,0,0,False,0,0,0.0,1
233,2023-04-23,6,4,2023,4,0,1,96441.0,23,15.8,0,0,False,0,0,0.0,1
234,2023-04-24,0,4,2023,4,0,1,86461.0,24,17.6,0,0,False,0,0,0.0,0
235,2023-04-25,1,4,2023,4,0,1,81620.0,25,16.5,0,0,False,0,0,0.0,0
236,2023-04-26,2,4,2023,4,0,1,91542.0,26,13.2,0,1,False,0,0,0.0,0
237,2023-04-27,3,4,2023,4,0,1,80164.0,27,16.8,0,1,False,0,0,0.0,0
238,2023-04-28,4,4,2023,4,0,1,88808.0,28,11.5,0,1,False,0,0,0.0,0
239,2023-04-29,5,4,2023,5,1,1,90159.0,29,8.7,0,1,False,0,0,0.0,1
240,2023-04-30,6,4,2023,5,1,1,89941.0,30,9.4,0,1,False,0,0,1.0,1
241,2023-05-01,0,5,2023,1,0,1,59248.62,1,7.8,0,1,True,0,1,0.0,0
242,2023-05-02,1,5,2023,1,0,1,91179.8,2,11.9,0,0,False,0,0,0.0,0
243,2023-05-03,2,5,2023,1,0,1,79654.0,3,12.1,0,1,False,0,0,0.0,0
244,2023-05-04,3,5,2023,1,0,1,74661.0,4,12.2,0,1,False,0,0,0.0,0
245,2023-05-05,4,5,2023,1,0,1,81200.0,5,6.6,0,0,False,0,0,0.0,0
246,2023-05-06,5,5,2023,1,0,1,92109.0,6,4.1,0,0,False,0,0,0.0,1
247,2023-05-07,6,5,2023,1,0,1,94317.0,7,7.4,0,0,False,0,0,0.0,1
248,2023-05-08,0,5,2023,2,0,1,84796.0,8,8.8,0,0,False,0,0,1.0,0
249,2023-05-09,1,5,2023,2,0,1,91654.0,9,11.8,0,0,True,0,1,0.0,0
250,2023-05-10,2,5,2023,2,0,1,69640.0,10,14.4,0,0,False,0,0,0.0,0
251,2023-05-11,3,5,2023,2,0,1,81503.0,11,14.9,0,1,False,0,0,0.0,0
252,2023-05-12,4,5,2023,2,0,1,100701.0,12,18.3,0,0,False,0,0,0.0,0
253,2023-05-13,5,5,2023,2,0,1,94434.0,13,19.8,0,0,False,0,0,0.0,1
254,2023-05-14,6,5,2023,2,0,1,85016.5,14,14.6,0,0,False,0,0,0.0,1
255,2023-05-15,0,5,2023,3,1,1,100915.0,15,16.7,0,0,False,0,0,0.0,0
256,2023-05-16,1,5,2023,3,1,1,94819.0,16,18.1,0,0,False,0,0,0.0,0
257,2023-05-17,2,5,2023,3,1,1,86145.5,17,20.8,0,0,False,0,0,0.0,0
258,2023-05-18,3,5,2023,3,1,1,80367.5,18,22.2,0,0,False,0,0,0.0,0
259,2023-05-19,4,5,2023,3,1,1,106921.0,19,14.3,0,0,False,0,0,0.0,0
260,2023-05-20,5,5,2023,3,1,1,153018.0,20,13.1,0,1,False,0,0,0.0,1
261,2023-05-21,6,5,2023,3,1,1,131609.0,21,14.3,0,1,False,0,0,0.0,1
262,2023-05-22,0,5,2023,4,0,1,81279.0,22,16.4,0,1,False,0,0,0.0,0
263,2023-05-23,1,5,2023,4,0,1,72190.0,23,17.7,0,0,False,0,0,0.0,0
264,2023-05-24,2,5,2023,4,0,1,81484.01,24,20.4,0,1,False,0,0,0.0,0
265,2023-05-25,3,5,2023,4,0,1,91477.0,25,18.6,0,1,False,0,0,0.0,0
266,2023-05-26,4,5,2023,4,0,1,117465.5,26,23.3,0,1,False,0,0,0.0,0
267,2023-05-27,5,5,2023,4,0,1,131017.0,27,19.0,0,0,False,0,0,0.0,1
268,2023-05-28,6,5,2023,4,0,1,149968.0,28,13.7,0,1,False,0,0,0.0,1
269,2023-05-29,0,5,2023,5,1,1,96951.0,29,18.8,0,0,False,0,0,0.0,0
270,2023-05-30,1,5,2023,5,1,1,102615.0,30,20.4,0,0,False,0,0,0.0,0
271,2023-05-31,2,5,2023,5,1,1,74266.0,31,11.8,0,1,False,0,0,0.0,0
272,2023-06-01,3,6,2023,1,0,2,97225.0,1,18.7,0,0,False,0,0,0.0,0
273,2023-06-02,4,6,2023,1,0,2,86565.92,2,19.1,0,1,False,0,0,0.0,0
274,2023-06-03,5,6,2023,1,0,2,92718.0,3,9.2,0,1,False,0,0,0.0,1
275,2023-06-04,6,6,2023,1,0,2,124261.0,4,12.7,0,0,False,0,0,0.0,1
276,2023-06-05,0,6,2023,1,0,2,95831.85,5,14.2,0,1,False,0,0,0.0,0
277,2023-06-06,1,6,2023,1,0,2,99835.88,6,17.8,0,0,False,0,0,0.0,0
278,2023-06-07,2,6,2023,1,0,2,95821.0,7,20.4,0,1,False,0,0,0.0,0
279,2023-06-08,3,6,2023,2,0,2,110930.0,8,21.4,0,0,False,0,0,0.0,0
280,2023-06-09,4,6,2023,2,0,2,198873.0,9,20.2,0,0,False,0,0,0.0,0
281,2023-06-10,5,6,2023,2,0,2,87448.66,10,14.2,0,0,False,0,0,0.0,1
282,2023-06-11,6,6,2023,2,0,2,92760.9,11,14.9,0,0,False,0,0,1.0,1
283,2023-06-12,0,6,2023,2,0,2,93439.6,12,16.9,0,0,True,0,1,0.0,0
284,2023-06-13,1,6,2023,2,0,2,93847.0,13,19.2,0,0,False,0,0,0.0,0
285,2023-06-14,2,6,2023,2,0,2,98752.0,14,21.9,0,0,False,0,0,0.0,0
286,2023-06-15,3,6,2023,3,1,2,87854.12,15,23.7,0,0,False,0,0,0.0,0
287,2023-06-16,4,6,2023,3,1,2,100343.0,16,25.2,0,0,False,0,0,0.0,0
288,2023-06-17,5,6,2023,3,1,2,69728.72,17,24.4,0,0,False,0,0,0.0,1
289,2023-06-18,6,6,2023,3,1,2,93194.0,18,21.7,0,0,False,0,0,0.0,1
290,2023-06-19,0,6,2023,3,1,2,88914.0,19,20.1,0,0,False,0,0,0.0,0
291,2023-06-20,1,6,2023,3,1,2,102871.0,20,20.2,0,0,False,0,0,0.0,0
292,2023-06-21,2,6,2023,3,1,2,103169.0,21,19.0,0,0,False,0,0,0.0,0
293,2023-06-22,3,6,2023,4,0,2,94864.5,22,21.7,0,0,False,0,0,0.0,0
294,2023-06-23,4,6,2023,4,0,2,70082.0,23,17.6,0,1,False,0,0,0.0,0
295,2023-06-24,5,6,2023,4,0,2,65473.0,24,17.7,0,0,False,0,0,0.0,1
296,2023-06-25,6,6,2023,4,0,2,80865.0,25,21.3,0,0,False,0,0,0.0,1
297,2023-06-26,0,6,2023,4,0,2,53773.5,26,23.1,0,0,False,0,0,0.0,0
298,2023-06-27,1,6,2023,4,0,2,78396.0,27,20.7,0,0,False,0,0,0.0,0
299,2023-06-28,2,6,2023,4,0,2,67399.0,28,19.1,0,1,False,0,0,0.0,0
300,2023-06-29,3,6,2023,5,1,2,53475.0,29,17.6,0,1,False,0,0,0.0,0
301,2023-06-30,4,6,2023,5,1,2,46430.0,30,16.4,0,1,False,0,0,0.0,0
302,2023-07-01,5,7,2023,1,0,2,86654.0,1,21.9,0,1,False,0,0,0.0,1
303,2023-07-02,6,7,2023,1,0,2,107782.0,2,21.5,0,0,False,0,0,0.0,1
304,2023-07-03,0,7,2023,1,0,2,65674.5,3,22.2,0,0,False,0,0,0.0,0
305,2023-07-04,1,7,2023,1,0,2,61083.0,4,24.0,0,0,False,0,0,0.0,0
306,2023-07-05,2,7,2023,1,0,2,84206.0,5,24.5,0,0,False,0,0,0.0,0
307,2023-07-06,3,7,2023,1,0,2,78999.0,6,26.7,0,0,False,0,0,0.0,0
308,2023-07-07,4,7,2023,1,0,2,74799.0,7,24.6,0,1,False,0,0,0.0,0
309,2023-07-08,5,7,2023,2,0,2,91587.0,8,21.4,0,1,False,0,0,0.0,1
310,2023-07-09,6,7,2023,2,0,2,82206.0,9,22.9,0,0,False,0,0,0.0,1
311,2023-07-10,0,7,2023,2,0,2,66320.0,10,17.4,0,0,False,0,0,0.0,0
312,2023-07-11,1,7,2023,2,0,2,67138.0,11,15.0,0,1,False,0,0,0.0,0
313,2023-07-12,2,7,2023,2,0,2,100375.0,12,14.6,0,1,False,0,0,0.0,0
314,2023-07-13,3,7,2023,2,0,2,75620.0,13,14.9,0,1,False,0,0,0.0,0
315,2023-07-14,4,7,2023,2,0,2,76000.0,14,16.2,0,1,False,0,0,0.0,0
316,2023-07-15,5,7,2023,3,1,2,116215.95,15,17.3,0,1,False,0,0,0.0,1
317,2023-07-16,6,7,2023,3,1,2,79426.0,16,20.5,0,0,False,0,0,0.0,1
318,2023-07-17,0,7,2023,3,1,2,72593.0,17,24.7,0,0,False,0,0,0.0,0
319,2023-07-18,1,7,2023,3,1,2,76008.0,18,21.8,0,1,False,0,0,0.0,0
320,2023-07-19,2,7,2023,3,1,2,72817.0,19,16.7,0,1,False,0,0,0.0,0
321,2023-07-20,3,7,2023,3,1,2,66375.0,20,18.7,0,1,False,0,0,0.0,0
322,2023-07-21,4,7,2023,3,1,2,77721.0,21,19.8,0,0,False,0,0,0.0,0
323,2023-07-22,5,7,2023,4,0,2,78967.0,22,20.6,0,0,False,0,0,0.0,1
324,2023-07-23,6,7,2023,4,0,2,86366.0,23,19.3,0,1,False,0,0,0.0,1
325,2023-07-24,0,7,2023,4,0,2,70680.78,24,17.1,0,1,False,0,0,0.0,0
326,2023-07-25,1,7,2023,4,0,2,63237.0,25,21.1,0,1,False,0,0,0.0,0
327,2023-07-26,2,7,2023,4,0,2,83650.0,26,21.9,0,1,False,0,0,0.0,0
328,2023-07-27,3,7,2023,4,0,2,85806.0,27,22.8,0,1,False,0,0,0.0,0
329,2023-07-28,4,7,2023,4,0,2,73928.0,28,20.4,0,1,False,0,0,0.0,0
330,2023-07-29,5,7,2023,5,1,2,99006.0,29,16.3,0,1,False,0,0,0.0,1
331,2023-07-30,6,7,2023,5,1,2,81159.0,30,20.5,0,0,False,0,0,0.0,1
332,2023-07-31,0,7,2023,5,1,2,74731.0,31,22.7,0,0,False,0,0,0.0,0
333,2023-08-01,1,8,2023,1,0,2,72192.0,1,24.4,0,0,False,0,0,0.0,0
334,2023-08-02,2,8,2023,1,0,2,71625.0,2,23.6,0,0,False,0,0,0.0,0
335,2023-08-03,3,8,2023,1,0,2,72297.0,3,26.0,0,1,False,0,0,0.0,0
336,2023-08-04,4,8,2023,1,0,2,60714.0,4,26.6,0,0,False,0,0,0.0,0
337,2023-08-05,5,8,2023,1,0,2,74543.5,5,27.0,0,0,False,0,0,0.0,1
338,2023-08-06,6,8,2023,1,0,2,64717.0,6,28.7,0,0,False,0,0,0.0,1
339,2023-08-07,0,8,2023,1,0,2,59377.0,7,27.7,0,0,False,0,0,0.0,0
340,2023-08-08,1,8,2023,2,0,2,72291.0,8,23.8,0,1,False,0,0,0.0,0
341,2023-08-09,2,8,2023,2,0,2,69581.5,9,22.5,0,0,False,0,0,0.0,0
342,2023-08-10,3,8,2023,2,0,2,81735.0,10,22.5,0,0,False,0,0,0.0,0
343,2023-08-11,4,8,2023,2,0,2,72940.0,11,22.8,0,1,False,0,0,0.0,0
344,2023-08-12,5,8,2023,2,0,2,74286.0,12,21.7,0,1,False,0,0,0.0,1
345,2023-08-13,6,8,2023,2,0,2,87943.0,13,19.7,0,1,False,0,0,0.0,1
346,2023-08-14,0,8,2023,2,0,2,65157.5,14,21.0,0,1,False,0,0,0.0,0
347,2023-08-15,1,8,2023,3,1,2,72193.0,15,23.4,0,0,False,0,0,0.0,0
348,2023-08-16,2,8,2023,3,1,2,92909.0,16,24.0,0,0,False,0,0,0.0,0
349,2023-08-17,3,8,2023,3,1,2,69379.0,17,25.2,0,0,False,0,0,0.0,0
350,2023-08-18,4,8,2023,3,1,2,83905.0,18,24.6,0,1,False,0,0,0.0,0
351,2023-08-19,5,8,2023,3,1,2,81636.0,19,24.9,0,0,False,0,0,0.0,1
352,2023-08-20,6,8,2023,3,1,2,89788.0,20,21.8,0,1,False,0,0,0.0,1
353,2023-08-21,0,8,2023,3,1,2,66444.0,21,19.2,0,0,False,0,0,0.0,0
354,2023-08-22,1,8,2023,4,0,2,91316.0,22,18.7,0,0,False,0,0,0.0,0
355,2023-08-23,2,8,2023,4,0,2,85831.0,23,17.3,0,1,False,0,0,0.0,0
356,2023-08-24,3,8,2023,4,0,2,74229.0,24,15.6,0,0,False,0,0,0.0,0
357,2023-08-25,4,8,2023,4,0,2,83555.0,25,16.9,0,0,False,0,0,0.0,0
358,2023-08-26,5,8,2023,4,0,2,105763.32,26,16.2,0,1,False,0,0,0.0,1
359,2023-08-27,6,8,2023,4,0,2,86841.0,27,18.6,0,0,False,0,0,0.0,1
360,2023-08-28,0,8,2023,4,0,2,82199.5,28,18.0,0,0,False,0,0,0.0,0
361,2023-08-29,1,8,2023,5,1,2,71429.8,29,15.7,0,0,False,0,0,0.0,0
362,2023-08-30,2,8,2023,5,1,2,77026.0,30,17.7,0,0,False,0,0,0.0,0
363,2023-08-31,3,8,2023,5,1,2,103780.1,31,21.3,0,0,False,0,0,1.0,0
364,2023-09-01,4,9,2023,1,0,3,94377.0,1,22.9,0,0,False,1,1,0.0,0
365,2023-09-02,5,9,2023,1,0,3,72428.0,2,18.5,0,1,False,0,0,0.0,1
366,2023-09-03,6,9,2023,1,0,3,109391.0,3,18.8,0,1,False,0,0,0.0,1
367,2023-09-04,0,9,2023,1,0,3,69431.0,4,19.4,0,0,False,0,0,0.0,0
368,2023-09-05,1,9,2023,1,0,3,92526.5,5,19.3,0,0,False,0,0,0.0,0
369,2023-09-06,2,9,2023,1,0,3,120921.0,6,17.7,0,0,False,0,0,0.0,0
370,2023-09-07,3,9,2023,1,0,3,102946.5,7,14.1,0,0,False,0,0,0.0,0
371,2023-09-08,4,9,2023,2,0,3,88199.0,8,12.5,0,1,False,0,0,0.0,0
372,2023-09-09,5,9,2023,2,0,3,131023.5,9,13.6,0,0,False,0,0,0.0,1
373,2023-09-10,6,9,2023,2,0,3,116603.5,10,14.3,0,0,False,0,0,0.0,1
374,2023-09-11,0,9,2023,2,0,3,93334.5,11,15.7,0,0,False,0,0,0.0,0
375,2023-09-12,1,9,2023,2,0,3,86470.75,12,15.6,0,0,False,0,0,0.0,0
376,2023-09-13,2,9,2023,2,0,3,103909.5,13,16.3,0,0,False,0,0,0.0,0
377,2023-09-14,3,9,2023,2,0,3,109688.5,14,16.9,0,0,False,0,0,0.0,0
378,2023-09-15,4,9,2023,3,1,3,99942.5,15,17.1,0,0,False,0,0,0.0,0
379,2023-09-16,5,9,2023,3,1,3,128232.0,16,12.9,0,0,False,0,0,0.0,1
380,2023-09-17,6,9,2023,3,1,3,100975.0,17,14.3,0,0,False,0,0,0.0,1
381,2023-09-18,0,9,2023,3,1,3,67550.5,18,14.4,0,0,False,0,0,0.0,0
382,2023-09-19,1,9,2023,3,1,3,83077.0,19,16.2,0,0,False,0,0,0.0,0
383,2023-09-20,2,9,2023,3,1,3,84070.0,20,20.5,0,0,False,0,0,0.0,0
384,2023-09-21,3,9,2023,3,1,3,93239.8,21,18.5,0,1,False,0,0,0.0,0
385,2023-09-22,4,9,2023,4,0,3,101516.5,22,20.9,0,0,False,0,0,0.0,0
386,2023-09-23,5,9,2023,4,0,3,119648.0,23,20.4,0,0,False,0,0,0.0,1
387,2023-09-24,6,9,2023,4,0,3,85761.0,24,21.3,0,1,False,0,0,0.0,1
388,2023-09-25,0,9,2023,4,0,3,70045.5,25,15.9,0,1,False,0,0,0.0,0
389,2023-09-26,1,9,2023,4,0,3,86150.0,26,15.1,0,0,False,0,0,0.0,0
390,2023-09-27,2,9,2023,4,0,3,99634.5,27,16.2,0,0,False,0,0,0.0,0
391,2023-09-28,3,9,2023,4,0,3,90129.0,28,18.2,0,0,False,0,0,0.0,0
392,2023-09-29,4,9,2023,5,1,3,101231.0,29,19.0,0,0,False,0,0,0.0,0
393,2023-09-30,5,9,2023,5,1,3,135426.0,30,18.9,0,0,False,0,0,0.0,1
394,2023-10-01,6,10,2023,1,0,3,99184.0,1,14.3,0,1,False,0,0,0.0,1
395,2023-10-02,0,10,2023,1,0,3,101532.5,2,12.0,0,0,False,0,0,0.0,0
396,2023-10-03,1,10,2023,1,0,3,87045.0,3,13.3,0,0,False,0,0,0.0,0
397,2023-10-04,2,10,2023,1,0,3,92126.0,4,14.8,0,1,False,0,0,1.0,0
398,2023-10-05,3,10,2023,1,0,3,102383.8,5,11.5,0,1,False,1,1,0.0,0
399,2023-10-06,4,10,2023,1,0,3,96405.21,6,8.8,0,1,False,0,0,0.0,0
400,2023-10-07,5,10,2023,1,0,3,93102.5,7,5.8,0,1,False,0,0,0.0,1
401,2023-10-08,6,10,2023,2,0,3,110608.0,8,3.4,1,1,False,0,0,0.0,1
402,2023-10-09,0,10,2023,2,0,3,68667.8,9,3.8,1,1,False,0,0,0.0,0
403,2023-10-10,1,10,2023,2,0,3,74355.5,10,2.7,0,0,False,0,0,0.0,0
404,2023-10-11,2,10,2023,2,0,3,93112.01,11,5.3,0,0,False,0,0,0.0,0
405,2023-10-12,3,10,2023,2,0,3,92472.07,12,10.5,0,1,False,0,0,0.0,0
406,2023-10-13,4,10,2023,2,0,3,93970.0,13,10.5,0,0,False,0,0,0.0,0
407,2023-10-14,5,10,2023,2,0,3,111002.39,14,11.7,0,1,False,0,0,0.0,1
408,2023-10-15,6,10,2023,3,1,3,104129.5,15,11.5,0,1,False,0,0,0.0,1
409,2023-10-16,0,10,2023,3,1,3,83683.0,16,7.4,0,1,False,0,0,0.0,0
410,2023-10-17,1,10,2023,3,1,3,94493.0,17,3.9,0,1,False,0,0,0.0,0
411,2023-10-18,2,10,2023,3,1,3,75438.5,18,5.6,0,1,False,0,0,0.0,0
412,2023-10-19,3,10,2023,3,1,3,62522.0,19,5.9,0,1,False,0,0,0.0,0
413,2023-10-20,4,10,2023,3,1,3,106856.0,20,5.1,0,1,False,0,0,0.0,0
414,2023-10-21,5,10,2023,3,1,3,150704.6,21,2.8,0,1,False,0,0,0.0,1
415,2023-10-22,6,10,2023,4,0,3,138996.12,22,2.6,1,0,False,0,0,0.0,1
416,2023-10-23,0,10,2023,4,0,3,61260.0,23,4.4,0,1,False,0,0,0.0,0
417,2023-10-24,1,10,2023,4,0,3,70993.0,24,1.4,0,1,False,0,0,0.0,0
418,2023-10-25,2,10,2023,4,0,3,85317.97,25,-0.3,0,0,False,0,0,0.0,0
419,2023-10-26,3,10,2023,4,0,3,78812.5,26,-0.8,1,0,False,0,0,0.0,0
